tx_10m,tx_1h,unique_contracts_24h,access_requests_10m,failed_requests_1h,new_contract_ratio,avg_transfer_value,flagged_counterparties
4,6,1,1,0,0.05745198786218416,6.827136347834914,0
1,8,3,1,0,0.40493303855370794,5.875176950390399,0
3,8,2,0,0,0.09431843591106227,10.518406124967742,0
3,7,3,1,0,0.12610490696871537,3.3348810580896915,0
1,6,1,2,0,0.10951185467981943,10.412845823683325,0
2,8,5,0,1,0.21102025565380136,8.694573370197034,0
1,6,4,3,0,0.3069866846123987,5.231280429342423,0
1,7,10,2,0,0.3633941015697117,9.088934945799334,0
2,10,4,0,0,0.5379890133017434,4.7550456363114275,0
2,9,3,1,0,0.23647340664576,12.839873573363624,0
1,9,5,0,1,0.07300311240065245,9.616937286795022,0
0,2,2,2,0,0.33868948535305216,8.862433091949683,0
4,6,3,1,0,0.09305259374789415,5.86389416023651,0
2,9,4,2,0,0.10180202686971508,10.887234047548779,0
1,4,2,0,0,0.042874607628819006,13.48874005881842,0
3,13,1,0,1,0.228058334225582,16.501418554995656,0
2,8,5,1,1,0.3675310886208441,5.625762332836537,0
6,11,6,0,0,0.19521390648680703,11.125819922301657,0
1,6,7,3,0,0.10954041930840058,14.845848224155993,0
1,8,2,0,0,0.054820934238032276,6.543537809526862,0
2,7,5,2,1,0.15795966215736446,14.920175251235102,0
2,11,5,0,1,0.08728506217566628,7.999926359379517,0
1,8,7,1,0,0.27236958428299507,4.440083174875195,0
3,11,5,2,1,0.04934626848236064,5.181099865517113,0
4,2,4,0,0,0.20779105672194736,3.5905047154156837,0
1,5,7,1,0,0.2027773850827644,7.246709108813035,0
3,5,9,3,1,0.09669453063133163,6.820332449187549,0
1,6,3,0,0,0.04329395208370382,8.118903900617633,0
4,12,5,1,0,0.09072029375572224,14.59751136840032,1
4,5,3,0,0,0.09158613921505321,7.328591525580723,0
2,7,1,3,0,0.10288538944742136,6.465209032700131,0
0,7,5,2,0,0.271914413706057,6.687548719238434,0
0,13,3,1,0,0.02525422032231456,2.9250899839824513,0
2,9,4,0,0,0.3588536738299628,10.39923909045868,0
2,8,6,0,0,0.08165978922638144,6.852432937137604,0
2,8,3,2,0,0.22204063236608965,7.691885028789685,0
1,4,4,0,0,0.25856670530631015,6.683337782109247,0
5,10,8,0,0,0.3502050920481483,7.874995000965778,0
4,13,6,0,0,0.2836526581469213,3.8348132129858326,0
0,6,2,1,0,0.1340659948294069,7.385065028085237,0
1,9,3,0,0,0.09939346147016663,5.462922236735453,0
2,9,6,2,1,0.31014160968117993,7.519236224235043,1
2,9,1,0,0,0.3242984153002904,4.448285732850589,0
0,3,2,0,0,0.203500142303368,9.38659183250144,0
2,8,4,1,0,0.09156164591806919,7.4685633704971535,0
2,9,0,0,1,0.13458234009136863,3.8661545909072377,0
3,7,2,2,0,0.2816688837823371,11.85995716012991,0
1,6,4,0,0,0.07444809119159204,5.713486139694653,0
0,4,7,1,0,0.23185098544949517,6.176118658132752,0
2,16,3,3,0,0.10982176726885116,11.013353342382809,0
2,11,3,0,1,0.09897891063366845,12.63777137076579,0
1,9,3,0,0,0.1406027982171746,5.853624708229118,0
3,7,6,4,0,0.352137392948766,7.812635888002241,0
2,13,5,3,0,0.25979146779402384,10.391461197897067,0
3,4,4,0,0,0.20951932661368688,13.89641247034471,0
2,10,2,1,1,0.5971156146609939,7.724048613435676,0
0,8,5,0,1,0.3366020664508841,9.354600059020862,0
2,8,6,3,0,0.14034407645115748,4.67873757142943,0
1,5,2,1,0,0.15577574601617317,3.468937617189171,0
1,9,4,1,0,0.2907013736705989,9.751771526237459,0
3,5,2,2,0,0.21045829252420623,4.935908949664917,0
1,6,3,2,0,0.06496159494397609,4.654439214937186,0
4,8,6,0,0,0.07426191667187096,10.18290042341279,0
2,5,3,0,0,0.06618777855589557,6.863898303208246,0
0,13,1,0,0,0.09235929567181189,8.279521206369681,0
4,11,3,2,0,0.11587316782743774,3.8898815855213473,0
5,9,7,1,0,0.18609435941832111,4.685461688127898,0
2,6,6,0,0,0.11616854150944607,16.69834295182766,0
0,9,1,1,0,0.1255419058707136,5.317467065616319,0
0,9,3,1,0,0.2626076071893692,6.67489682647876,0
1,3,7,1,0,0.15018725024426552,8.320160144090309,0
1,7,4,3,0,0.3487442657465728,4.327627935791885,0
2,8,3,2,0,0.27810666264006056,14.532680236881065,0
2,8,0,1,0,0.2641299712985831,7.416828109207636,0
5,7,6,3,0,0.27566238812226485,6.565263767999067,0
1,6,4,0,0,0.07340703924909675,12.604534677512794,0
2,5,6,0,0,0.2582812509149414,11.656919744951583,0
4,10,6,1,0,0.09810278525516848,19.756754664116826,0
1,5,2,0,0,0.3696413256014556,5.938661990255413,0
2,8,5,2,0,0.17060795037893947,22.12346370741861,0
1,8,4,0,0,0.12378282563003061,10.206962957636161,0
4,8,6,1,0,0.3970151286187417,17.205028943269195,0
5,6,4,1,1,0.2401105259223216,12.096328238303721,0
2,8,4,3,1,0.14350396388733044,5.360244090012441,0
1,7,2,1,0,0.33238884335950825,4.870250738045078,0
3,10,5,0,0,0.4449479395171781,2.997979734978935,0
2,7,5,2,0,0.14290773133080067,2.703942615342978,0
5,8,3,0,0,0.029070825131432554,5.44047904832326,0
5,9,4,0,0,0.15367015897680664,13.92244796933878,0
5,8,5,2,1,0.2561191570278872,5.759993924266812,0
1,6,6,1,1,0.14359105103880726,5.26871266678324,0
0,9,5,1,0,0.06389219426465995,10.483662976423348,0
1,7,7,1,0,0.183681616008946,4.802964905691969,0
2,8,5,2,0,0.11376090077274537,18.54652720860834,0
1,11,2,1,0,0.31859935104563125,6.482889074772436,0
0,7,7,0,1,0.04383744576858209,11.767533215732065,0
2,9,1,0,0,0.39673480417934737,6.685669112700426,0
2,8,5,1,0,0.3418522439734648,7.480417239679919,0
1,6,6,2,0,0.04776724819022912,12.98172907062709,0
0,6,4,0,0,0.08316456698669024,8.286893859246193,0
3,14,4,0,0,0.16504499140299145,15.594170740368252,0
3,12,4,2,0,0.41030979128454664,4.99460390470982,0
1,5,0,2,0,0.08940594135626222,3.859297833361952,0
0,12,6,3,0,0.11357081312857503,3.0812546211892053,0
0,8,3,1,0,0.310307747330182,13.838891655866865,0
4,7,3,0,0,0.18705276846454644,11.597554125280126,0
1,4,5,1,0,0.1904563559776942,6.4700318766754386,0
3,5,5,0,0,0.0822385030729662,8.57951732417763,0
4,5,3,1,2,0.2898120604432115,12.61291939906252,0
1,4,2,2,1,0.36859411280682164,6.7186278613055626,0
1,7,3,0,0,0.31332812608154437,3.06477332262363,0
0,9,3,3,0,0.19045432269355717,3.084369670340629,0
0,7,4,0,1,0.20076982333126506,4.2744982642377645,0
0,6,1,2,1,0.1077518531235272,7.77646803248977,0
3,7,6,2,0,0.2596788064861911,4.6144265324520495,0
2,4,6,3,0,0.27753243346288764,12.388190581842666,0
2,9,5,0,0,0.2421946139258696,3.90868304248287,0
1,10,5,0,0,0.12842470629335573,5.22402661035404,0
2,11,3,3,0,0.15235982100541404,2.972266804175331,0
2,11,1,0,0,0.12318575507791303,5.914483326591641,0
0,8,0,3,0,0.2002562294491145,7.415413092389671,0
1,10,3,3,0,0.15152489220995466,12.665468722662279,0
3,9,1,2,0,0.13098520370786107,7.845908548590335,0
4,8,4,0,0,0.6483089782822803,10.702208937667095,0
3,3,1,0,0,0.023295296217510694,12.213679721504572,0
0,5,4,1,0,0.23560754178494817,8.990220518002484,0
0,7,5,0,0,0.05377767354492893,4.71945882961187,0
0,7,7,1,1,0.1753214530670011,9.045813170059432,0
1,8,7,2,0,0.29466398221948037,15.547536072797064,0
2,5,4,0,1,0.09538357254666492,6.312485011031783,0
2,7,3,0,0,0.03607588314397016,9.7505673163234,0
5,7,3,1,0,0.23457724756694176,9.625510491784716,0
1,7,5,1,1,0.10833264820083398,6.14421921198751,0
3,7,7,1,0,0.07666118057179941,11.806668939809898,0
4,10,2,4,0,0.148839215636671,6.096130268108494,0
2,7,5,3,1,0.40803709744276895,9.267612388471465,0
3,9,7,2,0,0.1205737413610305,6.555556618906947,0
2,7,4,1,0,0.10305088745997432,7.5520117562564835,0
1,5,2,1,0,0.1495482213803843,11.784518372637207,0
4,8,5,1,0,0.06268306380204001,2.7913230701835103,0
1,12,5,3,0,0.15494510017569083,10.059308155418721,0
3,4,3,2,0,0.401837331040234,10.523219087938575,0
1,9,8,0,0,0.07695153480785637,5.543075956455131,0
1,7,2,1,0,0.08228713607858948,7.274116455833269,0
3,9,4,4,0,0.21878187700365415,4.535326373605917,0
0,10,4,2,0,0.2898380365519988,4.955472127514964,0
1,6,6,1,0,0.36878992397838317,8.461092476510954,0
1,11,4,0,1,0.03286715516530439,27.455587751083502,0
0,6,1,0,0,0.13254484489230142,10.298333594576663,0
1,9,2,0,0,0.29586931899777125,4.834814714473338,0
2,9,6,1,0,0.05634491104768503,10.890573036465414,0
0,7,5,0,0,0.3561467250713795,9.879325753378696,0
3,7,8,4,0,0.2860932054680975,3.1160530497336554,0
4,8,4,0,0,0.052992729587450854,6.309519328958754,0
4,12,4,0,1,0.1325918079207327,6.880741216297995,0
1,7,4,0,0,0.14168873894187076,7.838445604314005,0
1,4,3,2,0,0.20485646996767606,7.273535379687525,0
0,7,3,0,0,0.15869097106662042,7.955658804243821,0
0,7,7,0,0,0.09813728079248299,4.629401068177762,0
4,7,3,1,0,0.38375617795206196,6.280408341096196,0
2,5,3,1,0,0.1260537189166875,6.469548558801468,0
1,7,6,1,0,0.18061577097956355,13.19688878520362,0
1,6,3,1,0,0.24814315339572746,5.21349473199061,0
3,7,3,2,0,0.1334943032084671,6.53882093927265,0
4,7,2,1,1,0.24075405919591863,6.184210147336681,0
4,11,5,0,0,0.13917516584209488,16.341172339691415,0
3,10,5,1,0,0.4392293984958682,10.30452193770375,0
2,8,6,1,1,0.11538891959329305,4.632752363500956,0
2,11,3,2,0,0.1274420799247897,9.013498876164677,0
0,7,6,1,1,0.2893201300520993,4.455724099342546,0
4,11,2,1,1,0.37024842381230444,8.417278883278176,0
2,4,4,0,0,0.18684123996972166,14.629132446343663,0
5,6,9,2,0,0.49036766985789426,2.7783023882291586,0
2,8,4,0,0,0.04401413238641202,4.463321184934073,0
0,12,4,2,0,0.14899453805251597,7.987848966136753,0
3,6,1,1,0,0.13193604242817217,6.061740879469461,0
5,6,0,2,0,0.2110205623696581,8.223296399682425,0
1,8,4,0,0,0.0931995328454415,7.087511293999962,0
0,10,2,1,0,0.20443069391290927,3.188676853305385,0
8,9,4,3,1,0.06639953956909542,10.08440828607972,0
1,13,2,0,1,0.14687326087072908,3.7908327141649325,0
2,8,3,1,0,0.17513613609699044,8.188735877513022,0
3,11,4,1,0,0.20688280488688468,5.887015421205557,0
4,10,4,1,0,0.16569536828479592,24.545662640702577,0
3,11,4,0,0,0.13073030395854773,6.955665895008353,0
0,13,4,1,0,0.09894959391031576,8.806585517647648,0
0,6,4,0,1,0.23381447673410616,9.747242873760928,0
3,12,6,3,1,0.1113159479856979,8.747874575901598,0
1,7,5,1,0,0.26143568666073497,7.291136505249982,0
2,9,4,0,0,0.14000908514225852,4.502858898798552,0
3,5,6,2,0,0.07198191070475936,6.987307988590099,0
5,8,2,4,1,0.047196177861847564,2.906812517435512,0
2,10,6,1,0,0.08732333422352624,9.428895867633823,0
3,9,4,1,0,0.4462688698878033,31.824779064196438,0
2,2,2,0,0,0.05780206144348395,8.071547852026699,0
0,8,10,1,0,0.07663181036197839,8.756129826900239,0
0,7,4,1,0,0.17485551736977717,3.400921012381821,0
1,4,5,2,0,0.09838316091234668,4.913665097780023,0
1,8,6,0,0,0.14839877914472974,11.558468179872296,0
3,13,5,1,0,0.24954967441089196,3.5835728781979874,0
1,5,2,1,0,0.3646257484202707,5.134638392663871,0
0,4,1,0,0,0.13478410592007165,9.815229216693483,0
1,9,4,1,0,0.4940700502139954,11.073525467969354,0
1,4,4,1,0,0.3520873786119375,6.996904955617548,0
0,6,7,0,0,0.08432925672408666,7.856561435904796,0
1,8,2,1,0,0.3732674925891987,7.847420531943698,0
2,11,1,0,0,0.09350553442522204,3.988101324584009,0
0,8,6,2,1,0.055342623929578616,7.123028591014251,0
2,4,3,1,0,0.08654741029673399,8.339029955529314,0
2,6,1,2,0,0.1399824990129524,7.069554483652869,0
3,9,3,3,0,0.026487668579664277,2.8213598671587827,0
1,9,4,1,0,0.08471705612936963,15.923930131570817,1
2,6,1,0,0,0.03455459765340143,4.277264444741724,0
2,10,3,0,0,0.49982440161876296,7.660399444832621,0
3,6,5,1,0,0.1399455550996909,8.67890493558216,0
1,4,1,0,1,0.2264663758896929,5.886074016398176,0
2,4,2,1,3,0.1162569821606997,8.349940345014309,0
1,8,5,0,0,0.17409842687371715,5.01465822735252,0
0,9,7,1,0,0.05250991537501653,21.61849579889672,0
1,10,6,2,0,0.09541456351496824,6.486649381470739,0
1,13,1,1,0,0.20359287441227625,11.582609628015986,0
5,11,2,2,0,0.04868215888316027,4.278856293701458,0
3,8,2,1,1,0.10785664728688217,10.597720766161158,0
0,11,2,1,0,0.190638421829146,5.162375377784276,0
1,1,8,2,0,0.05785261321914943,3.6818927639218244,0
2,14,7,0,1,0.344840724301581,4.338194764392836,0
3,10,2,1,0,0.14925970018442997,4.835791625567954,0
1,9,2,2,0,0.24949272106480744,7.812512371456017,0
1,10,4,1,0,0.14637504511748084,31.121376864437696,0
1,6,7,1,0,0.1984225284073707,29.01572291270371,0
1,12,8,0,0,0.11170746155433571,6.290709931550973,0
3,6,3,0,1,0.07687947161436262,11.937799486500172,0
4,11,4,0,0,0.06366329536371387,3.9476144663758608,0
1,7,2,3,0,0.23692944937171184,2.580462976769224,0
3,7,3,1,2,0.14552944758732686,7.502922776053407,0
2,7,3,1,1,0.11287489345495255,9.709889075062305,0
2,3,7,1,0,0.047414504456616144,10.931276587433192,0
0,5,2,3,0,0.1551588964004666,12.677757648100203,0
2,7,6,0,0,0.1376829757778762,6.263738853092646,0
1,14,2,1,0,0.2137038675436894,7.66006690457491,0
1,9,2,0,0,0.2134788316823412,11.140859487953833,0
1,4,3,2,1,0.322790193841175,13.419840071190473,0
0,12,7,0,0,0.03336476505685715,4.69469512814203,0
3,9,3,1,0,0.20215627945342124,8.209883270489327,0
4,5,2,4,0,0.13201114154144852,10.22439411304368,0
4,5,6,0,1,0.12326519885945977,7.954806148271339,0
2,7,0,0,1,0.10486319663376999,5.413946247838117,0
0,13,2,0,0,0.0545563778040019,7.400491010932528,0
3,10,3,0,0,0.09359008002518479,9.629824024931008,0
2,10,3,1,0,0.1689766202639296,5.051443709459756,0
1,5,1,1,0,0.24796292235376585,4.0608023626238845,0
2,7,4,2,0,0.2531168841074453,20.69250196900649,0
3,5,5,2,0,0.06817867876209785,8.115411272006927,0
2,11,3,1,0,0.1622803707906304,11.812699204045002,0
2,7,1,2,0,0.1876959351331347,8.205036096517114,0
4,9,4,1,0,0.15967561883809311,12.492877763699003,0
0,7,5,4,0,0.022027687033274086,7.687450787510431,0
3,8,5,2,0,0.17744540836922756,9.910122646779442,0
5,6,0,0,0,0.12566032581269038,4.242848337744193,0
1,2,7,3,0,0.13215534935025983,3.0570165521153285,0
1,6,4,3,2,0.30894124811610985,5.8226825769373916,0
3,6,1,1,0,0.305910644802228,3.6222778367644115,0
1,12,8,1,0,0.12840362004447653,2.5638476529729055,0
1,5,3,0,0,0.14784489677563992,8.592363475959882,0
2,5,1,0,3,0.06762172879959905,3.0505420597356343,0
2,6,2,0,1,0.05800013278589091,11.878711252732682,0
3,6,7,0,0,0.32716814554408974,15.189323555682511,0
1,9,4,2,0,0.3854467096613291,3.59126725351043,0
3,12,4,1,0,0.24800642328440403,8.536343958848573,0
2,10,3,1,0,0.4438131232313035,18.70829620268682,0
2,5,2,0,0,0.17985903691476227,5.835793703618625,0
6,10,5,1,0,0.18485828140006677,10.028421662617545,0
3,12,2,0,1,0.23733126761236345,24.44563699614789,0
3,4,4,0,0,0.19645926186839813,3.1944839642572727,0
2,8,6,0,0,0.16271460513247368,4.438684028325113,0
4,8,3,1,0,0.17334891667502736,9.796699563223047,0
0,7,5,3,1,0.19020968371194058,21.89414634210985,0
2,6,3,0,0,0.26350568295721594,5.177858652609119,0
1,6,4,1,1,0.077294701687358,24.9747653656307,0
3,8,2,1,0,0.28058553609701714,7.893014073009418,0
2,9,8,2,0,0.2518093250408111,2.7631523067211248,0
1,11,4,1,0,0.037717603179626205,16.366569561951245,0
1,11,5,0,0,0.1933840250185708,5.860225433297706,0
3,6,3,0,0,0.2379541449969057,9.246662164257193,0
1,8,4,0,1,0.09995619083774876,3.223330546557452,0
1,10,6,1,0,0.25271581099907925,5.070169290467948,0
2,6,3,2,0,0.3157932468789547,3.4958062590985093,0
0,7,5,1,0,0.19201767111412296,3.315151150893443,0
3,6,6,0,1,0.27047530329563635,7.760290732151145,0
3,8,4,2,0,0.06503663678352328,9.809867181646338,0
1,8,3,0,0,0.30744695167049524,5.621625888079212,0
2,13,5,1,0,0.1813804233569645,3.6017617656216476,0
3,5,2,0,1,0.3597669108978654,3.903787216701911,0
2,9,7,1,0,0.2661661427279773,8.897895775067912,0
3,8,4,1,0,0.15197556159517445,7.8095339242121415,0
2,11,3,1,0,0.18089189897201702,8.971360498499596,0
0,7,2,1,0,0.1424182551515162,16.106172946024788,0
1,8,2,1,0,0.20666319937737065,9.852002889910358,0
1,4,2,1,1,0.3794590455406697,9.06585083368365,0
1,7,0,0,0,0.1610925952116654,24.151783603706846,0
1,8,5,0,1,0.3645784386834669,6.440510338594908,0
0,12,4,0,1,0.3955548174117297,24.33310308971724,0
2,8,1,2,0,0.08432538412730935,15.058488393823408,0
1,7,3,3,0,0.1520154629630172,6.3664199576192075,0
3,9,9,1,0,0.11828903494128244,11.049878369142299,0
2,9,3,1,0,0.297094279133966,6.635271389037268,0
2,10,5,3,1,0.16808126949976937,3.6031277778380115,0
0,4,7,1,0,0.18949123958230216,7.359414459473492,0
1,5,6,0,1,0.3332153943749732,3.548187235466895,0
1,10,4,1,0,0.42765071898227036,8.301883160480061,0
3,13,4,1,0,0.4381554032154814,11.025821373945943,0
1,13,6,1,0,0.14397122341314084,6.62961512909643,0
2,7,3,0,0,0.3902437129287294,8.293555152487208,0
2,8,2,1,1,0.23849646741600852,8.225144164885176,0
3,6,4,2,1,0.2694352569472101,11.270343352475871,0
4,10,0,1,0,0.42090952879080357,7.727131916320509,0
0,8,5,1,0,0.07165694726393373,6.313163173242818,0
2,5,3,1,0,0.17486182745280415,11.017337823210095,0
1,10,5,1,1,0.38912913360355383,7.998700515031408,0
3,13,4,3,3,0.1570784103213364,2.5401460661463164,0
1,3,1,1,1,0.2349494307863376,6.201906410198748,0
1,10,9,1,0,0.13669700696627018,5.70540722720944,0
2,1,4,1,0,0.14922617732557936,7.954434884217379,0
2,5,2,2,1,0.2502028104232292,7.538289682517089,0
0,10,6,2,0,0.3068227705258243,2.786595231729742,0
1,13,5,1,0,0.13067360807398315,3.504819971303244,0
4,11,6,3,0,0.30859510708269866,4.588576070252532,0
3,6,6,2,0,0.17109805138388554,7.631065957356952,0
0,9,5,2,1,0.28388423278858244,12.64068921803934,0
1,11,2,2,1,0.18064212610945143,3.3140736231814105,0
0,8,2,2,1,0.23588613200113187,5.280086733493322,0
2,6,4,1,0,0.1787680848657125,7.212119762050601,0
1,4,4,0,0,0.054631273340570975,4.638080060287151,0
2,10,8,1,0,0.14802042661694612,7.7190411756391715,0
4,13,3,1,1,0.17883977733537343,10.177073295495305,0
0,6,2,0,0,0.17561129901214279,5.061153578004479,0
2,6,0,0,0,0.5324561394967434,8.704078736523927,0
2,8,5,3,0,0.2976096682939584,6.977846873584644,0
1,8,3,1,0,0.24813440363068287,4.159725238696427,0
0,10,3,2,0,0.17488206422041036,6.8864739372044825,0
3,7,1,5,0,0.042514600852691604,9.284375990421365,0
3,8,3,0,0,0.15959499998661045,14.982329935075434,0
2,8,4,1,1,0.2941605094339252,16.812486786838424,0
0,13,3,0,0,0.12319784212380551,5.5631118445106384,0
1,8,0,0,0,0.12152960776754079,5.397991604400986,0
2,6,1,0,0,0.08299913653318597,7.539795528297842,0
5,9,5,1,1,0.09108251754828832,5.633052648434067,0
2,6,3,1,0,0.6110098877682575,13.551757600238087,0
3,7,1,1,1,0.2882913686844939,7.770584365214923,0
2,6,8,0,0,0.24751261200474922,7.59599971391881,0
2,12,8,1,0,0.23940025127752412,10.192517679319486,0
5,4,1,0,1,0.4472672663233703,8.003813279784383,0
4,7,5,1,0,0.3536582547838534,8.60740022068692,0
2,6,2,1,0,0.033137916827776906,8.428303340497,0
0,10,7,0,0,0.10016712320006656,6.873551996003198,0
3,3,1,2,1,0.2528432115361508,4.705729549782425,0
2,7,3,0,0,0.21915142544350574,17.805564264919063,0
3,6,7,2,0,0.1940539819294962,4.697982421078232,0
1,7,6,1,0,0.07777342516720369,16.896648001331922,0
1,5,2,1,0,0.16267505360117618,8.764603769680173,0
5,10,3,1,0,0.27469126689703094,5.469613797675198,1
3,8,4,1,0,0.14612484018748656,9.751574866950909,0
4,6,3,1,0,0.06692250354783627,10.945824326102008,0
2,7,4,0,0,0.3066096656625672,17.44583286285735,0
1,6,2,1,0,0.06397016259050409,3.827368977502191,0
1,14,4,1,0,0.3092527879708356,6.889499567218456,1
0,9,3,1,0,0.15889788819795123,14.711138141445474,0
0,7,6,1,0,0.16581735076416726,10.732498977302388,0
3,8,7,0,0,0.2585788980273796,9.421636066309128,1
3,8,3,3,0,0.12844005449305523,15.475278660890504,0
4,12,4,1,1,0.4169801208728832,6.753289181234476,0
2,10,2,1,1,0.09035382103514818,2.227728808100517,0
4,11,2,2,0,0.29589808761267977,6.151808475283005,0
1,9,4,1,0,0.12392329517145827,20.203951880874136,0
2,5,1,1,0,0.22353572962446755,8.578319041986342,0
0,6,4,0,0,0.1812973760658744,4.849059396546548,0
5,8,3,0,1,0.2575700676474596,14.397646187772837,0
2,6,11,2,0,0.07565148455112937,11.273236350225117,0
2,10,3,1,0,0.35890463545198964,7.952655320139472,0
3,10,4,0,1,0.27060633857869326,9.900309503502141,0
2,7,10,2,0,0.2192016561245725,4.443189835381806,0
6,8,5,1,0,0.12598527025144218,6.165386349460919,0
2,12,3,1,0,0.13663377066581348,7.1530181453106465,0
2,8,3,0,0,0.34371625991265015,12.801804642398938,0
2,8,3,2,0,0.07799412536260875,5.616039000988977,0
3,12,3,1,0,0.1494739801223,7.294532888023268,0
3,5,3,1,0,0.4129275468096302,15.187849706058842,0
3,6,1,2,0,0.15524320314812484,26.105955902127608,0
6,9,4,3,0,0.2641359727867045,4.781147767917718,0
1,8,6,1,0,0.13956164029029466,7.924655072586202,0
2,13,3,1,0,0.4378284515391678,3.4764913167706566,0
1,5,4,0,0,0.45208524234702185,7.335675760660135,0
2,8,3,2,0,0.3000691283522951,6.391364451888662,0
3,4,4,1,0,0.20339770471411747,13.811705872449997,0
3,3,4,1,0,0.21747251452266253,4.110510303059621,0
2,13,6,1,0,0.28230157689681507,3.8382190959369784,0
1,6,3,2,0,0.321044783531472,15.807228956531041,0
4,7,6,0,0,0.2011607680455165,5.384012398248413,0
1,10,3,2,0,0.28733059551508733,8.15568777857075,0
2,7,0,3,0,0.22206391066298323,8.563613882753472,0
2,8,6,0,0,0.06487729329401638,4.984545316307147,0
2,8,4,1,1,0.12819887005398897,4.987199473233898,0
0,7,7,0,0,0.25829472943863063,12.98058581458126,0
4,8,4,1,1,0.21642800719378028,10.366050012495934,0
1,8,7,3,1,0.24725098855487598,7.331325048199211,0
0,9,1,0,0,0.45265373992496516,6.900570487876681,0
2,6,2,1,0,0.047684530670292304,8.656456359137009,0
2,8,1,2,0,0.2566819781206431,8.945043732206345,0
3,11,4,0,0,0.37021951192691455,13.881718534077248,0
2,12,7,1,0,0.24881216314609836,7.312402975918053,0
0,7,2,0,0,0.12190063738633622,9.221063464148115,0
2,9,2,2,1,0.09797581397829949,10.581311696168768,0
2,6,9,0,0,0.07846413428674393,10.674818909816528,0
3,9,4,0,0,0.13048158186691522,15.254275015908018,0
2,5,3,0,0,0.23105330310863043,7.342692571228593,0
2,13,9,0,0,0.17894202668823228,5.5681696093224975,0
0,12,2,0,0,0.5218818011179169,6.178147618209934,0
3,8,3,2,0,0.07229730552399687,10.179881209510699,0
3,8,3,0,0,0.15967529731277766,7.00027426476323,0
4,5,2,3,1,0.09202381365000747,23.182526139551133,0
0,9,2,0,0,0.04899195427987578,7.435712951873266,0
4,3,6,1,0,0.569580312911415,4.583777063406634,0
0,8,1,1,0,0.3513819360618633,8.682858837952082,0
2,10,10,0,0,0.21068901096787823,15.949159092664962,0
1,8,4,1,0,0.3063895115971142,4.914156371072074,0
2,13,4,1,1,0.10773805957522856,4.843750258317001,0
2,3,4,1,0,0.09969368423903574,6.730115562568056,0
0,9,1,0,0,0.020967717487481802,5.3497226614543845,0
2,4,6,1,0,0.29263684355595126,3.761775116863923,0
4,12,3,2,0,0.38411340923058584,3.4198256863778105,0
1,8,2,0,0,0.15821832448168782,8.2996579399586,0
2,6,2,1,0,0.059031766567432066,10.564734847598174,0
3,8,2,0,0,0.27070091260398643,5.203949668549736,0
0,8,6,1,0,0.22764793228983982,7.133062415484913,0
2,7,10,0,0,0.26771864916073645,8.1049984467183,0
1,9,3,1,0,0.11922488085829229,4.251972384755007,0
0,9,4,0,0,0.15964155769433352,11.352413318514284,0
1,6,3,0,0,0.3169379771678633,8.214904839794785,0
3,5,4,2,0,0.07892253634976898,9.604562584859883,0
1,7,2,0,0,0.2406565469193223,10.381073914932777,0
2,8,9,2,0,0.1915220982654714,24.85059010715427,0
1,8,6,1,0,0.2154148369016215,4.4269062504229995,0
5,7,3,0,1,0.32580907557161465,4.728537124051627,0
1,8,4,0,1,0.4783711959239303,17.140814496902507,1
4,5,2,1,0,0.17248077450872848,10.23807937316124,0
2,12,3,3,0,0.05479744817314257,7.648531064936942,0
0,7,5,0,0,0.021004261948136833,5.818001017151102,0
1,10,2,3,1,0.34444333202592736,6.580145103458987,0
3,5,4,0,0,0.1413269042724031,6.644302246789507,0
2,8,2,1,0,0.15831627554784747,3.499117803631763,0
3,6,5,1,0,0.03273299569241273,12.020329585031556,0
3,6,3,0,0,0.09517063328523595,2.703835545500773,0
1,11,4,0,0,0.11517788657195499,4.8330094682135885,0
0,10,5,0,0,0.32647986824043923,5.954295167577482,0
1,9,1,0,1,0.16180261180622488,21.579465558416512,0
4,9,3,1,0,0.46594123652695824,7.025886614136346,0
2,9,3,0,0,0.08802948409210246,8.655814134308804,0
4,5,2,2,1,0.0631516278462486,4.764798480624538,0
3,11,5,2,0,0.15374824075105697,11.40856633857382,0
2,7,2,1,1,0.16683878816803505,32.32822262662413,0
3,6,6,0,0,0.09894870399297812,9.447503623695772,0
2,5,2,3,0,0.2238384280791827,6.247914481442874,0
2,10,3,0,2,0.1646604753746171,2.6754838868310973,0
2,8,6,2,0,0.14210741776508645,10.452551566283919,0
3,10,6,1,0,0.3325046778380782,4.513291741813445,0
1,9,2,0,0,0.31850466822034595,5.0637737135168805,1
2,10,3,1,1,0.283199857351997,11.773548647641851,0
3,9,3,0,0,0.5065922405754154,5.8309804690997025,0
2,9,6,0,0,0.1312005806570299,7.049302938021358,0
0,11,0,1,0,0.2553619975528557,10.749864738767139,0
1,10,1,1,0,0.39642312909884686,5.191216527164523,0
2,7,7,1,0,0.26323871053459247,3.878782178133267,0
2,9,6,1,0,0.36883194552011,9.319899009435497,0
1,9,2,1,0,0.13969075525559677,10.774423881763084,0
0,2,7,0,0,0.2409243585335497,5.535697512755362,0
5,11,2,1,0,0.18538164885234173,5.400191968906856,0
2,9,7,0,2,0.06609350044505634,4.262911295280229,0
1,5,4,0,0,0.1924955185911426,10.55653899128336,0
2,2,2,1,0,0.09101062758302629,19.28734231737384,0
0,6,6,0,1,0.358558035346424,11.772573458169354,0
2,6,3,0,0,0.11004349758904583,7.059728033290539,0
1,6,4,1,0,0.45810030764441506,10.572197623354768,0
3,8,1,0,1,0.3351065299174949,4.87488299527194,0
4,7,3,0,0,0.044255322098010225,8.883554980341216,0
2,7,4,1,0,0.08632821778592692,4.294634577039985,0
0,6,3,2,1,0.1454762541159513,6.951151443067636,0
2,8,2,1,0,0.25588154672113583,12.65239738748762,0
2,9,5,1,0,0.42061072141664524,11.08972535576435,0
3,8,1,1,0,0.23045966565274095,9.8181980334019,0
5,7,2,0,0,0.3561138474909413,9.0987625019257,0
2,12,1,4,0,0.1387557143165212,5.113779979669,0
3,8,6,0,0,0.1906399002130901,7.934658663889273,0
3,6,1,3,1,0.15739403048832568,10.931382452260836,0
2,9,2,2,0,0.32773844239475386,6.543176661781396,0
5,7,6,0,0,0.16721867247542932,6.670595220253172,0
2,8,3,0,0,0.41648493211936555,5.84091424539879,0
5,9,2,1,1,0.2514157778296293,6.407860588335793,0
0,7,3,0,0,0.09722978141291054,5.019540156811675,0
1,7,2,0,0,0.2668684536695128,7.478527092491995,1
1,6,8,1,0,0.19023462703265606,6.295670463198861,0
2,7,13,0,0,0.2912632296512031,3.5355793410938574,0
1,10,3,2,0,0.33497604106428563,27.125416419224315,0
1,10,6,2,1,0.31259592942542186,4.398598301934707,0
0,7,0,0,0,0.2012635627823969,6.907812838152258,0
3,10,4,1,0,0.1598793107281055,7.618533912925247,0
3,6,3,0,1,0.19746384483295013,5.6551474949788565,0
0,8,1,2,0,0.08811298052654538,7.064915711289859,0
1,7,3,0,0,0.4572739384517831,4.9073182194358305,0
2,7,3,1,1,0.1601054537321551,10.62903766233743,0
5,8,6,2,0,0.22328162706557617,7.307350234900891,0
1,9,6,0,0,0.05229360625612713,10.58244640782364,0
3,9,3,3,1,0.236979422516085,15.408939620672099,0
0,10,4,1,1,0.04874605702597441,6.419791419591922,0
2,7,7,2,0,0.44685222582274803,10.87780498441858,0
1,4,3,0,0,0.14917192256744038,15.929497411453944,0
1,6,6,1,0,0.2598509655586517,6.946695966522983,0
2,7,4,0,0,0.270491426660247,10.439008691600353,0
2,6,5,2,0,0.07098431029369745,5.85536952700409,0
1,10,2,1,0,0.14004636684405578,13.444982895700164,0
1,7,6,1,0,0.1312001225307205,5.7551831300206535,0
1,15,6,0,0,0.029984815649192968,10.501642758383872,1
1,5,2,2,0,0.2701316268752365,12.152792135706939,0
3,5,2,0,1,0.040848657579708535,4.098050815834942,0
2,6,2,1,0,0.28569692457297924,5.294375624341972,0
5,8,4,0,0,0.23492027724503947,5.1883188851139845,0
1,13,5,1,0,0.331704556479725,12.679245467240738,0
3,8,3,2,0,0.022257859817739686,4.1054944319504925,0
2,6,1,0,2,0.4068571893791869,8.695838826671453,0
3,13,6,1,0,0.013727726579710126,10.625309646919662,0
3,5,2,0,0,0.26239639465634135,8.042134166670683,0
3,7,7,1,0,0.05255126112552247,13.976348439961445,0
0,6,5,2,0,0.17290988781763897,2.822725932222591,0
3,6,3,0,0,0.050417991407095075,10.013736238505803,0
2,7,3,3,0,0.14356085361466916,6.747171724075305,0
1,8,4,3,0,0.2523033128718962,3.4814053938834157,0
2,6,4,1,0,0.2121362436830723,4.303596532564144,0
3,9,3,1,0,0.14551591350749807,16.16018854323525,0
0,7,5,1,0,0.3495391440469243,10.136174758552096,0
2,6,3,1,0,0.05063674676590682,11.033697051497313,0
0,6,6,2,0,0.04196309927717484,11.935083089961287,0
0,6,5,1,1,0.04970331976064286,3.74937037064265,0
2,5,4,1,0,0.1523142725141525,8.35503370298909,0
1,7,2,1,0,0.03759968095961862,12.796981488897615,0
0,4,5,1,0,0.19357590107911896,6.041780338165321,0
1,12,5,0,0,0.12638432678022596,14.602944872015675,0
2,6,6,1,0,0.11715452283788032,5.439552137792682,0
3,10,3,2,0,0.0576733016145789,7.8646701422039715,0
4,4,8,1,0,0.3197868781538541,9.013892644621064,0
2,8,6,0,0,0.15541313993979172,10.775760482978994,0
2,2,5,0,1,0.16204014708130424,6.398936275721464,0
2,6,4,1,0,0.11576073164719525,12.256495720612788,0
0,9,4,2,0,0.17855582680204238,9.1523185248457,0
2,6,9,1,0,0.38453036342008895,3.256337805771481,0
3,10,5,1,0,0.07864566196452916,18.509540780538185,0
1,6,8,1,0,0.09607780516449352,4.577107746659194,0
6,8,3,1,0,0.05858421461878571,19.28833053689958,0
1,3,5,1,1,0.2052478774530121,6.828856793444495,0
3,5,2,2,1,0.2803663808179219,6.221716005992177,0
1,11,5,0,0,0.07835059638792556,9.021576419280755,0
1,9,3,0,0,0.14603903998721132,5.210591458854089,0
3,7,5,1,0,0.1287156064843566,2.87784676508345,0
3,8,4,2,0,0.25434441913713746,6.996049633670664,0
3,4,4,3,0,0.24688936827484526,8.913138331047092,0
1,12,6,1,0,0.11770420182861792,15.940849681734244,0
6,11,2,1,0,0.050879931233454107,4.072755610533474,0
0,6,3,1,0,0.05911415518803826,9.876040030899182,0
1,9,5,0,0,0.09904592780201533,7.014994530129547,0
4,14,7,2,0,0.1694863643061607,7.512143688354358,0
0,8,3,4,0,0.07331774426246075,12.013396997912658,0
5,8,1,3,0,0.21072751138263943,5.721829407093959,0
2,6,3,0,0,0.1978565992211538,8.034646374508764,0
1,8,5,1,0,0.472921021837272,12.742831702663466,0
0,6,4,4,0,0.39262422309030404,12.364138092124314,0
0,11,5,3,0,0.5734552958401723,4.0142776080292,0
4,5,2,2,0,0.21672199136236506,5.438650708802103,0
2,12,2,2,0,0.20250380817781488,6.8766857885091,0
2,9,5,2,0,0.07719430075098502,11.100268389518897,0
1,11,4,2,0,0.3410193316836707,6.5168986368045365,0
0,6,3,0,0,0.10074900436423338,7.701144553518754,0
2,9,10,3,0,0.10110267396220689,13.806708461573045,0
1,9,5,0,0,0.34932548974611966,6.238067295406105,0
3,9,4,1,0,0.26409856755125594,15.434100485264286,0
0,9,4,3,1,0.0871764325295555,3.311108961064798,0
1,7,6,2,0,0.09682416544113215,6.071612867268156,0
1,5,4,1,0,0.11848629135322124,3.7338047307497506,0
4,2,1,0,0,0.18601535275656358,7.833029007437069,0
3,9,2,4,0,0.25486861559945767,10.756344977152638,0
2,6,3,0,0,0.32743431449674476,6.816810522912591,0
2,7,7,3,0,0.16561790137924798,5.8286464038349255,0
2,4,4,3,0,0.15455997950816466,3.744133542433152,0
2,9,3,2,1,0.2568832225635319,17.127193363689464,0
2,8,9,0,0,0.18277737706089361,7.306717044051849,0
1,10,5,1,0,0.07109919119092005,5.893962319125428,0
0,9,3,1,1,0.36814008443532426,16.139443888644895,0
4,9,3,2,1,0.15233791850325581,6.1964548016010434,0
0,2,3,1,0,0.08846572613010956,4.687122413584466,0
3,6,5,1,0,0.13836482284643142,5.180283178087824,0
1,7,3,2,0,0.2904165240406616,4.813286054173593,0
2,7,5,0,0,0.08418703977858383,4.336145919718681,0
2,9,5,1,0,0.38087657286106696,5.224095791484901,0
5,6,2,0,0,0.22757851489687014,24.716605788117445,0
1,6,2,1,0,0.27010943300040235,4.1582259015879455,0
1,10,2,0,0,0.25232369024527673,3.504066044957688,0
5,10,1,0,1,0.08003430003636515,8.491067544239751,0
1,12,4,1,0,0.2098731123321419,7.11365951034974,0
1,8,1,0,1,0.062224838334560516,10.278152009818726,0
3,5,4,1,0,0.26497707901185036,5.601071058435269,0
0,8,8,0,0,0.12977501671567643,4.786231250086329,0
1,8,3,0,0,0.13499258100031675,17.06210433879677,0
0,8,3,1,0,0.07267442900078697,3.3007681289078454,0
0,14,3,1,0,0.15582429396929656,8.84895567853418,0
3,2,5,0,0,0.22591816439372994,10.434853112931672,0
3,7,3,1,0,0.06225178001732371,11.143440861374835,0
1,7,4,0,1,0.08357126956996302,6.349076478883312,0
2,5,8,2,0,0.2046534787131641,3.958594567618109,0
0,7,5,4,0,0.016000439335830403,15.638831416278137,0
0,8,5,0,0,0.03130920931834189,5.9134408688877516,0
4,8,1,0,0,0.0925636830108928,15.879023961376245,0
1,12,5,2,0,0.20182811015165855,8.882090742667145,0
4,4,7,1,0,0.24158196830405662,5.801044538101348,0
4,6,7,1,0,0.23305345032472335,8.995473655341973,0
4,8,2,1,0,0.2303352633829117,13.136583590520052,0
2,9,3,3,1,0.23831549485559442,7.698643351696056,0
2,6,2,1,0,0.11173505885471652,5.110047903948468,0
3,11,3,0,0,0.17045827770190333,3.0229207595341165,0
2,6,7,1,1,0.19632576662963366,5.97671785465972,0
5,9,3,0,0,0.26666752291010104,11.065368658079386,0
5,12,4,1,0,0.02744320144399051,4.458592239690571,1
1,7,4,0,0,0.15530747875378023,10.387270149153368,0
2,14,7,2,1,0.2393920717085771,7.493976300177209,0
1,6,1,2,0,0.09154828258435123,10.72682559298189,0
2,9,4,0,0,0.09836607795849493,2.294199658007149,0
4,8,4,1,0,0.07766240179833424,3.6321778738491437,0
2,10,5,0,0,0.3997570940354076,5.863231098206214,0
4,9,1,0,0,0.08684988802726662,18.78646264028582,0
1,5,1,3,0,0.12224505774579167,5.067592837502333,0
3,7,2,2,0,0.1500072337209081,6.9351892789406655,0
2,10,1,2,0,0.07273520187278544,21.65779301638919,0
3,6,4,0,0,0.18745796866816053,9.15516820868706,0
3,7,2,2,0,0.1499267410135322,11.356781417013153,0
1,8,1,0,0,0.4586038349288618,5.359322893429838,0
3,6,3,2,0,0.10360731853898962,13.323020055649815,0
1,5,2,1,0,0.04964970847192113,14.377974223085031,0
3,7,2,0,0,0.4042069484232204,9.495320742691083,0
4,4,4,1,1,0.17119086594175523,7.078142603774784,0
2,12,5,0,0,0.13972353124122355,9.773881035846001,0
3,12,1,0,0,0.14008898203679213,3.2777495453869276,0
3,9,1,0,0,0.29873868116363395,12.734526802481163,0
3,7,4,0,0,0.45109402018365174,4.832863496436928,0
3,5,5,0,0,0.05221153903418821,6.428240767614172,0
1,5,4,1,0,0.4907015226112197,14.278821639765772,0
0,7,2,1,0,0.06104508740979876,12.791503036381737,0
4,6,3,1,0,0.40043257043279684,3.285228279757282,0
1,7,7,0,0,0.07598880540802469,4.601285582211373,0
2,9,2,1,0,0.18079213207286857,10.1762510327862,0
1,8,6,3,0,0.10273847399936864,3.0965737772548256,0
5,6,9,4,1,0.16091166407161925,15.024363489762342,0
1,9,4,0,0,0.2991746916554965,7.837834138891561,0
2,8,4,2,0,0.2990432647034467,14.976147771327534,0
2,5,2,1,0,0.20131545314016702,5.0914189846780635,0
1,9,3,0,0,0.09736369891920012,5.322345960660132,0
0,6,4,0,0,0.24434321658530828,12.392314708085104,0
0,8,3,2,0,0.09443820539783956,6.371364552785898,0
2,6,2,1,0,0.20198844425191903,3.973070643583402,0
2,7,1,0,0,0.2606560651096085,9.783878586704393,0
3,8,4,1,0,0.07728060802700151,3.33280272971305,0
3,5,3,3,0,0.09401097989243976,15.196530289309395,0
0,8,4,1,0,0.09203091687959922,8.101945526751301,0
3,5,4,2,0,0.15713461522570724,4.735899885073971,0
1,9,4,0,0,0.21355405142492465,13.09976155968618,0
1,11,4,2,0,0.1160996122926578,13.21553056453025,0
3,8,4,0,0,0.41852142822164085,7.402858464763517,0
0,6,5,1,0,0.0730432593243132,23.050889572072546,0
1,11,1,0,0,0.23353806464143279,22.786594396849775,0
2,7,6,0,0,0.4431106525444575,8.685668149362511,0
2,10,2,0,0,0.02711914511850333,12.587484805038311,0
1,8,2,1,0,0.08276645261223581,14.21649076430564,0
1,9,5,0,0,0.04299020591407538,4.189319347803249,0
0,7,4,0,0,0.12392896511622484,8.528027842724805,0
1,7,6,0,0,0.05559519650418404,5.254485334176363,0
2,12,7,1,0,0.08489542801386503,4.89663983286074,0
1,3,3,1,0,0.380075727858835,7.85227585244074,0
4,6,0,0,1,0.24063920773260486,8.152875036221378,0
1,9,5,0,1,0.2576485024116585,3.3002400168429,0
3,8,10,0,1,0.12652250296950454,8.774568875316142,0
1,8,9,1,1,0.2875117935461835,6.517729654700828,0
3,7,5,1,0,0.061916007171532145,14.864256781153447,0
0,9,5,0,0,0.128936386878535,13.215036324737971,0
1,11,3,0,1,0.10592493723783088,4.8162506746058,0
2,8,2,1,0,0.3070551790206449,14.244404822422437,0
1,7,5,1,0,0.14786786513475347,9.659845663386948,0
2,8,4,0,0,0.1552910783891772,6.625060520006624,0
2,15,4,3,0,0.13943985370941686,5.719666544331357,0
2,14,3,1,0,0.3051661405383232,4.162753692378343,0
4,10,2,1,2,0.1290727934086089,4.018871250402188,0
2,6,3,1,0,0.056205530927101,2.963691234800661,0
3,13,6,2,0,0.4850279631454756,7.466608386334053,0
2,4,8,0,0,0.22978731679358785,2.6378719824214882,0
1,4,2,0,0,0.034326808280354545,4.791013829694552,0
2,7,2,0,0,0.16619531204406068,10.26176407568954,0
4,10,2,2,0,0.039892078563215715,15.59004252761481,0
2,13,4,0,1,0.11588299156399326,4.161154928069531,0
0,6,3,2,0,0.3605934963048442,10.022212338745854,0
3,10,4,0,1,0.23004968851637256,6.32909680955914,0
0,5,5,2,0,0.10735547529556973,5.708161165983799,0
5,11,6,2,0,0.4310168741622223,7.983153709143937,0
2,6,5,2,0,0.04238951421406114,5.32587396772424,0
3,8,5,0,0,0.14732035120521492,7.084521441800117,0
2,4,5,1,0,0.19919108882402597,7.655834363376154,0
5,8,4,2,0,0.3153079498025698,13.200973652859457,0
2,9,3,0,0,0.19536913704567374,14.713242700566955,0
2,11,4,1,0,0.14151758897985356,5.477927982375796,0
1,8,7,1,0,0.04291362384533652,6.456128832197612,0
1,8,3,1,0,0.2367629795492973,11.046410304174657,1
6,9,5,0,0,0.08858745432682572,6.749836200818191,0
1,13,4,0,0,0.5712129750895601,10.560968110881392,0
2,10,4,2,0,0.04233625202611078,11.601099207637498,0
0,9,2,2,1,0.4408927467003661,12.2999159242825,0
4,8,4,2,0,0.3435877200811916,7.720571391653201,0
2,7,6,0,0,0.5746747728871563,4.129930321761578,0
3,12,3,2,0,0.3828539806745481,6.794014270320942,0
3,2,4,0,0,0.22266016449115103,5.733682059694157,0
3,6,7,0,0,0.13532456751526137,10.897893067523889,0
2,6,4,1,0,0.4795429501215546,15.843118006291716,0
1,6,4,0,0,0.2344226858230454,16.067793492482675,0
2,13,4,2,0,0.15186177016958569,11.504780011122872,0
3,6,6,0,1,0.11230840264078777,4.630242056051847,0
3,6,5,1,1,0.06183247888076943,14.903221900624267,0
3,9,2,2,0,0.33515905307692095,9.145495373543051,0
2,8,1,1,0,0.06475594966292596,4.892047790123101,0
3,14,5,1,0,0.509945671423583,11.369834784138824,0
2,6,3,2,0,0.3216135123023636,6.615898782223221,0
0,4,3,4,0,0.38444966896438404,2.787744440027704,0
4,9,6,0,0,0.25357299783697446,4.526080008708824,0
3,7,3,3,0,0.0327056395297482,7.15161523982386,0
2,8,2,1,0,0.22600135988192865,7.011980776369166,0
3,8,3,1,0,0.12989893735622848,4.338476355163884,0
2,10,2,0,2,0.2368486211510524,10.756781143755886,0
1,6,7,0,0,0.01725745531454458,9.58197070340254,0
4,4,3,1,0,0.04870026384413695,3.6042679684677874,1
3,10,5,0,0,0.04177087607057245,27.56908352856319,0
4,10,5,0,1,0.3286716681009862,4.025728983183472,0
1,5,4,0,0,0.22837420285323817,5.8774729639937435,0
2,7,3,1,0,0.4484876496655583,8.914704006168263,0
1,8,2,0,0,0.20239015192786783,5.886867804466577,0
2,4,3,3,1,0.1785500020268195,15.289070331690866,0
1,7,3,1,0,0.12228510114520708,6.769013462943165,0
1,12,5,3,0,0.15760326865136684,4.660584092286811,0
5,8,7,1,0,0.08706988174711512,10.046858743764265,0
0,6,7,0,0,0.04260958568560551,1.7337642289847777,0
2,5,7,2,1,0.2858046252543332,9.649532857514087,0
4,8,5,2,1,0.14922682020459657,14.082915914191505,0
2,9,4,2,0,0.37555737389675237,2.3318545452047816,0
0,4,6,1,1,0.19258253387147656,6.037552228976178,0
5,9,2,1,0,0.08619623311190752,3.244336880576342,0
2,6,4,1,0,0.2732815708883309,7.43771969373437,0
4,11,4,0,0,0.39182447466472514,22.686276597597097,0
3,9,3,1,0,0.48225820278035686,8.286572859221689,0
1,8,2,3,2,0.17066353984629426,6.624015299856471,0
2,8,3,0,0,0.2868494605364069,1.8000480438706679,0
5,7,7,0,1,0.16884146860496133,4.250084151967536,0
1,7,1,2,0,0.08648711088608087,6.913600386589782,0
1,7,0,1,0,0.24797528694744603,7.74137353510611,0
1,7,5,5,0,0.2026374361935892,8.77193692338362,0
3,12,4,3,0,0.44904599320194494,10.848722684132134,0
2,11,6,0,0,0.5173552434549168,4.698135989965023,0
1,7,2,2,0,0.027163541833775486,7.538663646164257,0
0,4,3,1,0,0.23329011997222898,5.765236990604813,0
1,14,4,1,0,0.08423740685460422,4.622003088336169,0
0,10,1,0,0,0.11652959554595342,4.778230978509778,0
3,11,1,2,0,0.09218028056458975,9.683604741372518,0
2,5,4,2,0,0.06703633089701236,2.050095830037688,0
0,13,3,1,0,0.1263312233418675,2.9225746540953783,0
1,8,5,1,1,0.14495218665755508,36.00274091215639,0
3,5,4,1,0,0.4126037779890708,5.300212592866574,0
2,7,7,1,0,0.36309281752325984,15.400995809723815,0
1,8,3,1,1,0.3016447267276169,7.153991680858488,0
3,10,1,0,1,0.1674592428465427,5.580137524060667,0
4,5,6,1,0,0.1277530160223239,10.263553670493971,0
0,5,1,1,0,0.4381552082731731,7.692889364020054,0
1,4,2,2,0,0.21080769376262568,6.756216228502541,0
1,5,1,1,0,0.19528639741158507,7.228294836991514,0
2,12,4,0,0,0.21659443394309547,8.998129770674442,0
2,2,2,1,0,0.3518304435834914,5.237772277656241,0
0,7,5,1,0,0.19540815326743177,5.807032845161487,0
2,9,3,2,0,0.046085090275639375,4.53231185803685,0
0,9,4,1,0,0.022788372124133992,4.040110969450507,0
4,7,6,1,0,0.08364913455365561,18.635002599720508,0
1,10,3,1,0,0.19467960013544203,4.696764320849736,0
5,8,2,2,0,0.10000980298875964,12.173939430220761,0
1,10,3,2,0,0.2629076364196457,6.184743047712935,0
1,10,4,1,0,0.3082969155809472,9.681705734528075,0
0,3,3,1,0,0.21574898183665012,7.381977251126505,0
1,4,4,2,1,0.07110908305388482,3.0172938289548976,0
2,7,4,2,0,0.08470454421509675,7.496781240497172,0
0,7,3,0,0,0.4243882056341551,10.002774259022651,0
3,8,2,0,0,0.43398300208521656,4.583711617555549,0
4,4,5,1,0,0.44327052969206054,23.590813461782332,0
2,9,6,1,1,0.31749297635753054,11.090571953464613,0
5,13,5,1,0,0.45250134369426626,11.139359328680468,0
2,8,4,3,1,0.056500677762647215,11.746858564139021,1
3,9,2,0,0,0.10684521609345908,2.3001643832409835,0
1,10,4,0,0,0.2818716807229058,10.51110311936489,0
2,5,5,1,0,0.0595812692472454,23.058616304836903,0
0,6,1,1,0,0.18774741727310024,10.801736271743616,0
3,5,5,2,0,0.08684042881063295,6.479233792833926,0
1,10,1,1,0,0.41324419232096254,4.230586494491504,0
3,7,1,1,0,0.19583830240102523,4.031235383031677,0
3,9,3,3,1,0.10919768656492745,3.79632138501257,0
1,11,4,1,0,0.41034949535997617,6.0483432960223995,0
3,7,6,1,0,0.100402073765633,4.331582219796633,0
0,8,1,0,0,0.19744303056734094,6.848386541019326,0
1,9,3,0,0,0.34238108394116784,8.182267762017334,0
0,9,3,0,0,0.07107114661577246,3.1270141328225307,0
2,5,5,2,0,0.14930109057761481,5.040247085606499,0
1,10,8,1,0,0.06449578790790987,5.531589114657543,0
4,8,1,0,0,0.2147831690850765,5.45410688793882,0
3,11,4,1,1,0.3329005241415281,7.455541183287307,0
1,8,1,0,0,0.1540074885636262,7.864753005016967,0
1,5,2,0,0,0.20604196658053606,5.9766150358699015,0
4,9,1,1,0,0.3217536959165261,5.279177105852911,0
1,9,3,1,0,0.10650760065714597,7.31328997167792,0
1,9,3,0,0,0.10088551458419674,15.197764187190167,0
1,5,6,1,1,0.19274334959033945,3.5689521295606683,0
3,10,2,3,0,0.20123987878738153,13.011621441070334,0
1,10,4,1,1,0.11304379791584376,3.264699927350919,0
2,9,5,1,0,0.3369046839863833,8.854421644416144,0
5,8,5,2,0,0.18291591279284047,12.488477228946623,0
1,8,7,3,0,0.31193653741106553,3.812357726824085,0
2,10,7,0,0,0.3065827105668771,8.805532164807344,0
5,10,7,1,0,0.12407854304470957,4.379240182651584,0
1,3,4,3,0,0.17639308735252504,13.265383035204731,0
4,14,0,1,1,0.17904561603010694,3.319981678843963,0
4,11,1,1,2,0.11512419006176224,4.729235007612914,0
1,8,3,3,0,0.14771753203219706,7.890739979423096,0
2,8,2,1,0,0.34012600871054266,10.54589720424355,0
3,8,4,0,0,0.18820040027338264,7.739665357636176,0
6,9,7,0,0,0.12966686478383432,9.464711696445029,0
0,12,7,1,0,0.06503138777460221,5.614719770319746,0
4,13,7,2,0,0.05933992720400605,4.282113589196011,0
3,11,2,0,0,0.060981846612491286,15.368290709323249,0
1,7,5,0,0,0.41104613718399213,9.481878273378198,0
4,7,9,0,0,0.2896631846682977,5.790001219539995,0
1,5,1,1,0,0.20232913750986298,3.2320733407288844,0
2,6,1,2,0,0.3878015472740741,13.620643671048878,0
1,3,1,2,1,0.2074644567744925,13.904008540236106,0
4,9,2,0,0,0.04038294994601307,6.627765862860794,0
3,13,1,0,0,0.08064776521907743,5.310540421220133,0
6,7,6,0,0,0.15635333180924618,6.490579485006564,0
1,7,2,0,0,0.13077092311211716,6.64992939761042,0
2,11,6,3,0,0.20009664711734054,10.856548618725697,0
1,6,9,0,0,0.2923722106306434,4.183173556227004,1
2,9,4,1,0,0.09658291903744265,5.5190057065986,0
3,13,1,0,1,0.5240644489591225,6.740713621783674,0
3,11,4,1,0,0.21498650961374224,8.408098138123037,0
0,11,2,1,0,0.2511536213055348,11.39516977582589,1
1,8,7,2,1,0.17451688267404997,8.632121332597487,0
1,12,5,3,1,0.2834338430534266,17.744085038051892,0
4,12,7,1,0,0.168656295882347,4.500671946598945,0
1,15,5,2,0,0.10259997471360323,15.345432060444804,0
4,4,5,1,0,0.23117382433335681,4.586249390930085,0
0,6,7,0,0,0.2339806440257549,6.0638704978727915,0
3,5,3,2,1,0.14624003064663624,8.967541282293386,0
1,8,3,2,0,0.10574030750911328,13.315583504780799,0
2,10,6,0,0,0.1537793625348424,6.068872030053792,0
4,7,3,0,0,0.191067391345852,8.991300142907718,0
2,7,6,3,0,0.23567421651512482,6.310330854237379,0
1,3,4,2,0,0.2462508533778521,2.344840723690171,0
1,10,6,1,0,0.2205965229161096,7.248409687281217,0
2,9,5,2,0,0.119702411559984,3.971863233019632,0
1,8,7,2,0,0.2243767218964541,13.953697577188947,0
2,9,5,1,1,0.14109673118331745,14.002041591700623,0
1,7,4,1,1,0.07301110710768875,4.86468106174207,0
2,7,7,1,0,0.10513064591207592,4.504840026600242,0
0,10,3,1,0,0.16579062145329165,5.395200679861324,0
1,6,2,0,0,0.23048637109605288,9.642663442530392,0
4,6,4,3,1,0.1449979622471159,9.661806135706872,0
3,8,6,3,1,0.21706463482665192,40.61044716830068,0
2,11,5,0,0,0.17015015295096,6.332279070249683,0
2,8,2,2,1,0.1724743561246268,7.734453527425566,0
1,11,1,0,0,0.05183167176428644,19.411516080244464,0
5,8,3,1,0,0.04104732943233442,8.526428659804758,1
0,10,8,3,1,0.07173400945247556,4.288607823656473,0
2,6,7,3,0,0.1353686633190184,8.766897578851234,0
3,8,3,3,0,0.09047692577700457,10.51084579009523,1
1,7,4,1,0,0.16975442301760824,6.2286050168833516,0
2,7,3,2,1,0.25246816346952583,10.997190473308162,0
4,3,0,0,0,0.288879981588396,10.51859904748153,0
3,11,4,0,0,0.46802912314736217,5.875419522637466,0
2,7,5,1,0,0.2029409927386998,16.052289646413538,0
1,6,5,1,0,0.34881436234965496,4.993865940174674,0
3,11,3,2,0,0.14612343230420438,9.194963506092787,0
2,2,2,1,0,0.11480884704293705,5.468164715176047,0
1,7,4,1,0,0.5294790699381564,3.169412196670379,0
0,9,7,0,0,0.2373560474349177,8.839108198521988,0
0,8,0,0,0,0.0663258373604766,19.388187583258894,0
2,12,8,1,0,0.06234465533757285,7.192792359672356,0
0,6,3,1,1,0.3051353872592735,3.501836236987595,0
1,13,6,1,0,0.2532970014853877,8.256733334814777,0
0,11,2,1,0,0.20191163448749014,4.906979416706955,0
0,12,1,2,0,0.23855875841672267,12.514601450961635,0
2,4,4,4,0,0.17186324593085175,6.590853086256721,0
2,14,5,2,0,0.06071216141691782,3.045663662498486,0
4,4,0,0,0,0.3650393289186183,9.528258787916373,0
4,12,4,5,0,0.23330172229277654,8.20249864963936,0
0,5,4,0,1,0.17450792226629624,6.360206441570628,0
2,6,2,0,1,0.022430526084759917,4.395576423165657,0
1,12,4,0,0,0.1301162549303019,18.07570367951604,0
2,9,3,0,0,0.15622785037367207,5.894653384526981,0
1,10,2,2,0,0.06953533135104933,11.571545212954575,0
0,9,3,2,0,0.0675175158073411,5.8612861170097155,0
4,8,4,2,0,0.24012595286952174,10.385515599576408,0
4,11,7,1,0,0.08850342715333723,7.589199232523039,0
1,7,5,1,0,0.1590652012364848,7.49328582291117,0
1,10,7,2,0,0.09980187504830508,4.887901845841822,0
3,7,4,1,0,0.029846206207492856,9.62219302730248,0
6,16,4,0,0,0.17281276661847256,14.917899400875777,0
1,7,6,0,0,0.046119796518299234,4.405308578989154,0
1,12,4,1,0,0.07742523229917772,4.873723805435882,0
3,5,6,1,0,0.042218384553655786,32.2104138587583,0
3,7,2,0,0,0.08630444571670629,4.47810103144733,0
1,11,5,1,0,0.010093110261583639,5.599691411262531,0
2,8,3,0,0,0.1988881847077952,14.758957603580036,0
2,11,2,0,0,0.054624212438163615,14.982951612418011,0
1,6,3,2,0,0.18732796243566496,2.1945092856586887,0
2,9,4,0,0,0.23638568846935984,10.834255899281485,0
2,7,1,1,1,0.0821685216236065,6.7026141205621235,0
2,5,5,3,0,0.06946291162404024,6.857360078632586,0
2,8,6,2,0,0.17374041162304923,13.230989820648045,0
2,4,1,2,0,0.11389727439805476,6.2084547727263795,0
1,4,2,0,0,0.06413548862614211,5.720320400712241,0
1,4,2,1,0,0.19389804850072315,6.2917145751279815,0
5,12,5,3,1,0.13269649742367878,6.2055786632332115,0
3,6,4,0,0,0.20767567935271847,8.790560775333722,0
3,9,4,0,0,0.18005626129118737,14.320111719913534,0
1,8,5,3,1,0.2702076660761676,9.150201496813922,0
2,4,6,3,0,0.2279761083672594,7.3416808057211025,0
7,10,5,3,0,0.19380871297600785,9.710369956604659,0
2,13,4,2,0,0.2230537555569127,10.914564233849607,0
2,7,2,3,0,0.30888999359520464,9.865118756601383,0
3,6,6,1,1,0.05777585452054259,5.292800659770676,0
0,11,2,0,0,0.13336870969691839,9.136727266507462,0
2,6,4,2,1,0.17388918764952258,2.56055512882379,0
2,8,4,0,0,0.24221461486052123,15.910204920459407,0
2,6,9,3,0,0.20410806707071394,15.887626731804843,0
1,13,3,0,0,0.49552134215144444,11.52709688833882,0
2,7,4,1,0,0.15350690344995901,13.776541152156618,0
1,5,6,0,1,0.10436166761768803,7.120080229559496,0
2,8,1,0,0,0.13585638790174728,5.0771836714963525,0
2,5,6,0,0,0.12941200044508694,3.9473663923745534,0
5,12,5,0,0,0.11513299841477583,12.232163066833305,0
2,11,6,1,0,0.3159426892707627,5.07685785629951,0
2,11,4,2,0,0.2512363313577717,6.129535210788343,0
1,8,3,2,0,0.060459096254150274,8.26532498202784,0
1,5,4,3,0,0.3354425465591505,7.251911253466955,0
0,9,6,0,0,0.17434501778856654,8.434971957866036,0
0,12,3,3,0,0.257270379825853,2.9919978447965514,0
2,14,3,2,0,0.17344330058859841,6.57485039627436,0
4,4,6,4,0,0.11750548587754617,11.157162389238213,0
2,6,4,4,0,0.07116570020459002,5.954167205997056,0
5,11,1,1,0,0.24426832847103847,4.801451615298246,0
1,9,5,0,0,0.21058817369448696,11.910226489148465,0
1,10,1,1,0,0.4000723075659778,5.9767332694872035,0
2,5,4,1,0,0.08239506452251431,8.10308166505794,0
0,4,5,1,0,0.2069663266840361,6.6510720871067965,0
0,5,6,1,0,0.30778576229452503,7.387454220236356,0
4,8,1,1,0,0.15951718773801601,15.875946214766712,0
3,12,4,0,0,0.09366586064113802,9.8352009602099,0
1,6,4,1,0,0.058683083056339486,4.011268374879311,0
2,16,5,0,0,0.09602823029242676,6.13468600627338,0
0,5,3,1,0,0.17474345717478573,6.01161588659847,0
0,7,2,1,0,0.3211938125510453,8.233290422330786,0
1,10,5,0,0,0.04270887630660409,11.639350769016437,0
2,7,7,1,0,0.22587123826340605,7.507622062937956,0
2,10,3,2,0,0.23385546102894839,7.398156834241019,0
1,6,5,1,0,0.11864389301262752,2.421102197044334,0
0,8,3,0,0,0.25460677941895515,14.325231271546684,0
3,10,1,0,0,0.14216505467820784,6.794180717850995,0
3,5,11,1,0,0.05510695736178651,8.409151563082997,0
3,6,4,0,0,0.19529733766406135,8.399228140954648,0
5,10,6,2,1,0.12519451872469836,5.029827557717083,0
2,3,3,2,1,0.19769815732142645,6.54071265881756,0
2,1,4,0,0,0.12573305557665582,5.010087716692771,0
3,5,8,1,0,0.25438687261302095,14.756222736709553,0
2,14,5,1,0,0.41374868802160375,2.430442814194164,0
2,8,2,2,0,0.18384448078318497,4.5875140297480925,0
2,7,7,0,1,0.2758225396217956,6.2900252661053555,0
6,7,4,1,0,0.056661910223296884,15.623057344747936,0
4,11,1,2,0,0.2778149714968475,10.526629193481027,0
1,8,10,0,1,0.3212177965289479,3.257564585502091,0
6,2,5,1,0,0.39409322061318997,6.974392899614067,0
1,14,2,2,0,0.11069015086474235,10.598002120239324,0
3,9,3,1,0,0.12493509648534412,22.49856590500914,0
1,5,2,3,0,0.1891186170426155,6.234672607359115,0
3,11,2,0,0,0.34251541175564054,4.086876417185672,0
4,7,2,3,0,0.025292894556817144,8.681411533471207,0
3,6,5,0,0,0.07001914824360429,7.230854357321274,0
3,9,5,1,0,0.12178999906709559,9.315263912040637,0
2,9,7,0,0,0.18493213060695082,10.435750584085227,0
4,7,5,0,2,0.19164875846943827,8.670841510082791,0
