wallet,tx_count,unique_destinations,total_value_mon,avg_value_mon,tx_rate_per_minute,contract_call_ratio
0x6f49a8f621353f12378d0046e7d7e4b9b249dc9e,21,1,378.0,18.0,21.0,1.0
0x5c4ec8d4fc6e74f8a7a6df6d36017eeffff9301f,21,1,0.0,0.0,21.0,1.0
0x19898a2c547b2eef38ecc330d69f92a96c3ff32a,15,1,0.0,0.0,15.0,1.0
0xaf9ed4d3153d821046885b4aea0f778addbb3de5,15,1,0.0,0.0,15.0,1.0
0x7f6a2850669202519f0fe8aa912451238820db86,13,1,0.0,0.0,13.0,1.0
0x28f64a62ab3b284d667115cf66782b094f412eec,12,1,0.0,0.0,12.0,1.0
0x8cf67893c236963233023b56ac56a185b042866f,9,1,0.0,0.0,9.0,1.0
0xe2412efd01c0020a7bd41043c11dbe807119d391,8,1,4e-13,5e-14,8.0,1.0
0x50ffc02113e04d8ad897b38d5df43e107356ae4d,6,1,0.0,0.0,6.0,1.0
0x03518714ab6858f938f0128d5cf37fd39676022e,6,1,0.0,0.0,6.0,1.0
0x59ea533929988f02eca7297ac00c309b91258bf6,6,1,0.0,0.0,6.0,1.0
0x69063f63cc7ff542bc7bad1f8a01c23a7cd7d6ac,6,1,0.0,0.0,6.0,1.0
0x3a0f1d6afe3698e143b7ff966ad14dc14f755161,6,2,0.0,0.0,6.0,1.0
0xc88db3f7ea78f2dde27297e2934de3cfe4d42e5a,6,2,0.0,0.0,6.0,1.0
0xf42df81ac9e0d6cf56d79b69cb10ea312561ad97,5,1,0.0,0.0,5.0,1.0
0xfdf2b1633884548543c85b8903d18143c28ef2aa,5,1,0.0,0.0,5.0,1.0
0x30023593a1b14f2e49cf69677f74a2ce46086d68,5,1,0.0,0.0,5.0,1.0
0x9dabf3a323822fb2ea1cec67f3afdd21933d3e57,5,1,0.0,0.0,5.0,1.0
0xe69c9faf41bb1507aa1e2e51a2b22116fd247422,5,1,0.0,0.0,5.0,1.0
0xe50f5af8a97379b6ebd968121186c71b88dc0b69,5,1,0.0,0.0,5.0,1.0
0x31b3b3986f83d321912e95dd4a1842ed74257a68,5,1,0.0,0.0,5.0,1.0
0x05910b8d1b8a20e7ce7c3298959041469a6b0557,5,2,0.0,0.0,5.0,1.0
0x53d5c4f9a2f32f0c27671340d8af93384ea93881,5,1,0.0,0.0,5.0,1.0
0x1f39c7e6e8044fe9d12925db0b24661a86b02410,4,2,0.0,0.0,4.0,1.0
0xedcbfd3e75a933ea33a134459c5d973aa45dec02,4,1,0.0,0.0,4.0,1.0
0xefd5ce0b085471ac7fb6f539a7291de3ba5e98c0,4,2,0.0,0.0,4.0,1.0
0x64e72ee5adc14f2c70e982070ccbdf91ab6c26a0,4,2,0.0,0.0,4.0,1.0
0xe684260ce88f776fa9f8efee5109aea8b6a5ca31,4,1,0.0,0.0,4.0,1.0
0x10cfc2bd5cf4b2bc099fffe3a48d6bb4a56095de,3,2,0.0,0.0,3.0,1.0
0xe5f68ee50a5293dd1fc3e2ba0ade3922de1f4b95,3,2,0.0,0.0,3.0,1.0
0x4ea043757f7d2e0b386b26e57633ed97863ff63d,3,1,0.0,0.0,3.0,1.0
0xcca215d1dd949a54ab7c9ef3e44ed09d4ba78e61,3,1,0.0,0.0,3.0,1.0
0xcc94105f5ffdc66d674da74397fc2d8199c84c10,3,1,0.0,0.0,3.0,1.0
0x05455be2b2737cc84cbf5e3c8a03d249f2594084,3,2,0.0,0.0,3.0,1.0
0x8608690fba33bcd1161f04b027fa76b117c8ff01,3,1,0.0,0.0,3.0,1.0
0xa1962c6bf5336951e52681ac8780b68e061c90b5,3,1,0.0,0.0,3.0,1.0
0x42c5a04ebfae915cd701bf25ad0b38a9fa291928,3,2,0.0,0.0,3.0,1.0
0x7f9e847885adc8719cf0faf31c3e264af328d275,3,1,0.0,0.0,3.0,1.0
0xc8a98263b90721c75c6642fa41a56e1f579e75bb,3,1,0.0,0.0,3.0,1.0
0xc01db7e6b981d0eeb904d0680d89c3076ee80e00,3,2,0.0,0.0,3.0,1.0
0x2c9cfb3c9b59052601c6403dc3cfa3d43648c1f2,3,2,0.0,0.0,3.0,1.0
0xf84f99d1d65e49a4f68c8b9f0e170d81bafeb3d9,3,1,0.0,0.0,3.0,1.0
0x471b1cce33d924f4978301759f9506bdd7c58ffd,3,1,0.0,0.0,3.0,1.0
0x76e4b36ebc3b20b8c76fdade13c020cdc4c255f1,3,1,0.0,0.0,3.0,1.0
0x04726c722b1692e4a9e926f81fb00d13af8ebf30,3,1,0.0,0.0,3.0,1.0
0x7ba6598d7ba0542616dfc0b4c077a5706cd86f37,3,1,0.0,0.0,3.0,1.0
0xd36551f6151fae05b063e2079998386c105f7b12,2,1,0.0,0.0,2.0,1.0
0xaab926db9d30f2c1099cabbce74c33f9c49626ee,2,2,0.0,0.0,2.0,1.0
0x9bd20c68267c560e77f9f2f0af0b66d451fc6370,2,1,0.0,0.0,2.0,1.0
0x38f7b9495cdbbc6912d9131d0b575baf8ed69119,2,1,0.0,0.0,2.0,1.0
0xf380bf747b61ced8afb949337acb23e0aa4043ec,2,1,0.0,0.0,2.0,1.0
0x665baba60e9fb391b24c9b113d8c33cd6e9de108,2,1,0.0,0.0,2.0,1.0
0x2fc76d1871175489b5ef4edf8db3caedd452eb3d,2,1,0.0,0.0,2.0,1.0
0x2b46cc74507367c1c656d1b0bba52773bea77d10,2,1,0.0,0.0,2.0,1.0
0x681571e37194d86cecb089ba0febf2385d3f6e9f,2,1,0.0,0.0,2.0,1.0
0xeeb0d367a086c6c0b72b83c4b5f50d3199c56a4c,2,1,0.0,0.0,2.0,1.0
0x2adf0b06b834bd41fc2718712c4b4bea5775d49c,2,1,0.0,0.0,2.0,1.0
0xf1f02c07844933f72240062038a9037c5c6bf9e9,2,1,0.0,0.0,2.0,1.0
0x2678318bf44e1790a4a838d0ac55f3ce54f18886,2,1,0.0,0.0,2.0,1.0
0x39ad0d199fd12d4e99d87a1c2b42623ae2bf2a28,2,1,0.0,0.0,2.0,1.0
0xa4e2c474bfc84dfc7e5f5516f9da97c98bc065de,2,1,0.0,0.0,2.0,1.0
0xd4a633b05271fdc1dae406d97bdd159d16543ced,2,1,0.0,0.0,2.0,1.0
0xd364e667df69f393ae080a18236c4bcb8be7b4db,2,1,0.0,0.0,2.0,1.0
0xc4f450cf1cc9b25a8599de790111643391c7f84f,2,1,0.0,0.0,2.0,1.0
0xa72a600f516369969bb625f2e57ab52ad53c64e0,2,1,0.0,0.0,2.0,1.0
0x54e7cdbb7e12a28f4d19bf4bb48ae7d50ed58d66,2,1,0.0,0.0,2.0,1.0
0x65d325b87df60aca2485b1c4e714a072faf7ba7c,2,1,0.0,0.0,2.0,1.0
0x42767c2f8acec8f7497fba0d986532d441807879,2,1,0.0,0.0,2.0,1.0
0xd6b25cf6ac115ddf57e14dd85792838e6f1fb3fe,2,1,0.0,0.0,2.0,1.0
0x42391b8bd5eabe39fe13f78eea27796270792e2a,2,1,0.0,0.0,2.0,1.0
0x3402db3d1dcd62d4cb6c529b742888bd2a606225,2,1,0.0,0.0,2.0,1.0
0x7506981a979bfb477104ea65d50f7ea662da6973,2,2,0.0,0.0,2.0,1.0
0x15e95c6b59b98b029db5b3e84fbe8c90140ea8f1,1,1,0.0,0.0,1.0,1.0
0xea07175576f5e0cbf53b4df31ddd2730939a919a,1,1,0.0,0.0,1.0,1.0
0x9b16a06fa467dcaa02d582e4f88c89a2793fb519,1,1,0.0,0.0,1.0,1.0
0x869bc9e9937fd530157ac6c56e25039e04b6ed0d,1,1,0.0,0.0,1.0,1.0
0x46bdc1d9327362a57174230b9e6d59b03faa7c40,1,1,2e-18,2e-18,1.0,1.0
0xd9f51b1e2a2f2b900a15096b9f7e077a7c8a64d6,1,1,1.3e-17,1.3e-17,1.0,1.0
0x46d2af115da00fe0357f00a74a99fb235c1b7b3d,1,1,0.0,0.0,1.0,1.0
0xbd5217c0a6dfe1c743f4337dcfd5c0a7a9909ba4,1,1,0.0,0.0,1.0,1.0
0xd7427b778716919b7c5f91b753cf0d9c0644ef68,1,1,5000.0,5000.0,1.0,1.0
0x466dbac0a796849332995c282b27a605d45e80f6,1,1,0.0,0.0,1.0,1.0
0xc6da7787455f7c0c53377cc713a1c12de0def662,1,1,2e-18,2e-18,1.0,1.0
0x2b8dcc272f75b8ba92261799a1f56dfce52c328c,1,1,0.0,0.0,1.0,1.0
0x80ef195f26c8b1f6ee0ba29169d81161d76b40df,1,1,0.0,0.0,1.0,1.0
0xcc91a5f1ff38f035900ac3b496a57e02ed76ef60,1,1,0.0,0.0,1.0,1.0
0xba3612bb70ddaaacd672a193800dc3ab56867f11,1,1,0.0,0.0,1.0,1.0
0xc03452fd2bf9751e5855c80b231b012725a51be7,1,1,0.0,0.0,1.0,1.0
0x66078cbd01b67418dabccd4acca065466b22afc8,1,1,0.0,0.0,1.0,1.0
0x2e2aeb4953204fe9db1d39da7f627c08343f9a96,1,1,0.0,0.0,1.0,1.0
0x5b12b4bec2a57c2dba3aa20abadba6ba5ccb7f7e,1,1,50.1,50.1,1.0,1.0
0x83107a83f5fa8c419f131aa970eb975bd0225d4d,1,1,0.0,0.0,1.0,1.0
0x49d7315daed32d1bb21ddd479921fbee0b017e61,1,1,2e-18,2e-18,1.0,1.0
0xcec9c6baf6030fdaa57154ac2b1e5033239c2307,1,1,0.0,0.0,1.0,1.0
0xce7c643cfe78f1cc5348b193327b8cb3c134656f,1,1,0.0,0.0,1.0,1.0
0x48b3c213251da4c8536a1d8407b69e6436711fb4,1,1,2e-18,2e-18,1.0,1.0
0xfdeb58ae6c8cfbb20603130de977c0ac11b49061,1,1,0.0,0.0,1.0,1.0
0x41db7bfb6269b2f376c5e2ad8b47b08df412e7b4,1,1,0.0,0.0,1.0,1.0
0xb61666ddf98e92baa58e4386b0f018353acf902e,1,1,0.0,0.0,1.0,1.0
0x5197e5e059c43cf0845bd256bf9a62c3e8d818ea,1,1,2e-18,2e-18,1.0,1.0
0xa690d778e1e9ac8c72d4454e8bf5ff765954079f,1,1,0.0,0.0,1.0,1.0
0x974731a19f51f282a5b5b79bdb17c2e92e2523cf,1,1,2e-18,2e-18,1.0,1.0
0x0491afcbccef045f5a53380ab03cbc0553ab0e7c,1,1,0.0,0.0,1.0,1.0
0x84d68e0517047d8a905c79a280a9b7ab8a081a49,1,1,1e-18,1e-18,1.0,1.0
0xa33acb1be4014470a6ecf91a952b2143348c5655,1,1,0.0,0.0,1.0,1.0
0x22914e9648fc5df47cfef88f205dd81c421dcd63,1,1,151.0,151.0,1.0,0.0
0x1241f44bfa102ab7386c784959bae3d0fb923734,1,1,0.0,0.0,1.0,1.0
0x082345baa3bdf6029f27603ddeac103db0114c85,1,1,0.0,0.0,1.0,1.0
